{
  "MISSION": {
    "title": "MISSION",
    "description": "At Wagner&Partners®, we are committed to achieving extraordinary success through unwavering honesty, relentless innovation, and a steadfast dedication to sustainability. <br>We prioritize fostering a balanced work/life environment that empowers our employees to thrive both professionally and personally. <br>Our passion for excellence drives us to deliver superior products and services while upholding justice, respecting local laws, and adhering to ethical business practices endorsed by the International Chamber of Commerce. <br>We reject favoritism, value our employees as integral members of our corporate family, and support their career development with clear opportunities for growth and participation in our success. <br>As responsible corporate citizens, we actively support social causes, alleviate poverty, and protect the environment by avoiding harmful practices and preserving our planet’s ecosystem for future generations.",
    "imageSrc": "./src/assets/img/pic_vision.jpg"
  },
  "TEAM": {
    "title": "TEAM",
    "partners": [
      {
        "name": "Gisbert Heinz Wagner",
        "title": "Managing Director",
        "professionalTitle": "Consulting Economist & Forensic Economist<br>📧 wagner@wagner-partners.com",
        "bio": "<ul><li>Internationally recognized economist with over 50 years of experience in global trade, finance, and project management.</li><li>Principal at Arthur Young (now Ernst & Young), leading logistics and operations for clients worldwide.</li><li>Advised on major trade agreements, including NAFTA and CETA, shaping North American and EU economic policies.</li><li>Co-founded Paragon Estates GmbH in The Bahamas, managing post-hurricane rebuilding and tourism projects.</li><li>Facilitated high-value international financial transactions, including currency and precious metals trading.</li><li>Taught at universities like USC and Seneca College, developing materials on international finance and project management.</li><li>Trusted advisor to corporate leaders, governments, and institutions, ensuring value-driven, confidential outcomes.</li><li>Maintains a global network with footholds in North America, Western Europe, Asia, and the Caribbean.</li></ul>",
        "imageSrc": "./src/assets/img/gisbert_wagner.png"
      },
      {
        "name": "Hao Li",
        "title": "Managing Director",
        "professionalTitle": "Business Consultant<br>📧 lee@wagner-partners.com",
        "bio": "<ul><li>Expert in international business relations, driving strategic partnerships across Europe and Asia.</li><li>Partner Manager at Wagner & Partners, advising on global business setups, risk management, and key account development.</li><li>Led operations and digital communication projects for a Canadian NGO, enhancing global outreach.</li><li>Former Managing Director at WINGMAN International and United Unique Expo, overseeing 200+ trade shows annually.</li><li>Developed key accounts with top brands like Huawei, VW, and Porsche, strengthening China-Europe business ties.</li><li>Built and managed local and global competency partnerships for trade fairs and events in Germany and Asia.</li><li>Spearheaded business development in China for Holtmann Messe + Event, establishing branch offices.</li><li>Experienced designer, creating corporate branding and 3D designs for clients like Siemens and Messe Nürnberg.</li><li>Multilingual professional fluent in Chinese and German</li></ul>",
        "imageSrc": "./src/assets/img/hao_li.png"
      }
    ]
  },
  "STRUCTURE": {
    "title": "STRUCTURE",
    "description": "Our global structure and network, with strong footholds in North America, the Caribbean, Western Europe, and Asia, ensure efficient, sustainable operations and seamless support for clients worldwide.",
    "imageSrc": "./src/assets/img/pic_global.jpg"
  },
  "International Business Resources": {
    "title": "International Business Resources",
    "description": "Do you have a high-quality product but struggle to access international or country-specific markets?<br>Are you seeking reliable, high-quality international suppliers for bulk purchases?<br>Do you need support to implement your international business plan by finding the right resources in your target country?<br>Are you looking to maximize returns on your assets through secure international markets?<br>We provide tailored solutions to help you achieve your global business objectives efficiently and sustainably.",
    "imageSrc": "./src/assets/img/pic_metropolis_mannhatton.jpg"
  },
  "Cross-Border Financial Solutions and Services": {
    "title": "Cross-Border Financial Solutions and Services",
    "description": "Through our global financial network, we offer customized financial solutions that enable maximum financial flexibility, asset growth, and risk mitigation while strictly adhering to legal regulations.<br>Our services are designed to support your financial goals across multiple countries, ensuring both legal and economic security.",
    "imageSrc": "./src/assets/img/pic_frankfurt.jpg"
  },
  "Technology": {
    "title": "Technology",
    "description": "We facilitate the transfer of cutting-edge technologies and patents to investors, fostering sustainable innovation and global commercialization through our extensive network.<br>The following R&D results and patented technologies are seeking potential investors or buyers:<ul><li>THERMAL PLASMA SPUTTERING OF GRAPHENE - FOR AN ADVANCED METHOD OF APPLYING GRAPHENE TO LARGE SURFACES THROUGH</li><li>H2O BASED FUEL</li><li>H2 FOR THERAPEUTIC USE</li><li>HYPOCHLOROUS ACID BASED BUSINESS</li><li>LIPOSOMAL VITAMIN C BASED LOTIONS (SALVES OR BALMS)</li><li>SHAKE BASED ON LIPOSOMAL VC</li><li>LIPOSOMAL VC COMPOSED OF ALTERNATIVE INGREDIENTS</li><li>SPARK PLUG</li></ul>",
    "imageSrc": "./src/assets/img/Technology.jpg"
  },
  "China Affairs Expert": {
    "title": "China Affairs Expert",
    "description": "Do you want to connect with the world’s second-largest economy and its highest growth rate?<br>Are you aiming to establish your products and business in a market of 1.4 billion people?<br>Do you need assistance navigating political or regulatory challenges in China?<br>With our unique relationships and specialized channels, we provide tailored solutions to maximize your interests and successfully address both routine and complex challenges.",
    "imageSrc": "./src/assets/img/pic_metropolis4.jpg"
  },
  "Food & Agriculture": {
    "title": "Food & Agriculture",
    "description": "Through our extensive global network, we support sustainable farming initiatives that enhance food security and drive economic prosperity. Our projects connect local producers with international buyers, ensuring fair trade practices and environmentally friendly methods. We collaborate with stakeholders to implement innovative solutions that reduce environmental impact while fostering long-term growth. This commitment to sustainability strengthens communities and promotes a healthier planet.",
    "imageSrc": "./src/assets/img/pic_windmills2.jpg"
  },
  "Technology & Patents": {
    "title": "Technology & Patents",
    "description": "Our global network empowers innovators by facilitating the transfer of cutting-edge technologies and patents to investors worldwide. We provide comprehensive support, from intellectual property protection to market entry strategies, ensuring sustainable commercialization. Our expertise helps bridge the gap between innovation and impact, creating value for businesses and communities. This approach drives technological advancement while prioritizing environmental responsibility.<br>The following R&D results and patented technologies are seeking potential investors or buyers:<ul><li>THERMAL PLASMA SPUTTERING OF GRAPHENE - FOR AN ADVANCED METHOD OF APPLYING GRAPHENE TO LARGE SURFACES THROUGH</li><li>H2O BASED FUEL</li><li>H2 FOR THERAPEUTIC USE</li><li>HYPOCHLOROUS ACID BASED BUSINESS</li><li>LIPOSOMAL VITAMIN C BASED LOTIONS (SALVES OR BALMS)</li><li>SHAKE BASED ON LIPOSOMAL VC</li><li>LIPOSOMAL VC COMPOSED OF ALTERNATIVE INGREDIENTS</li><li>SPARK PLUG</li></ul>",
    "imageSrc": [
      "./src/assets/img/pic_waterfuel.jpg",
      "./src/assets/img/pic_graphene.png",
      "./src/assets/img/pic_technology.jpg",
      "./src/assets/img/pic_fuel.jpg",
      "./src/assets/img/pic_hitech.jpg"
    ]
  },
  "Investment & Foundation": {
    "title": "Investment & Foundation",
    "description": "Leveraging our global network, we offer secure investment opportunities that balance profitability with sustainability. Our foundations support initiatives that drive economic growth and social good, from education to poverty alleviation. We partner with clients to create lasting impact, ensuring investments align with environmental and ethical standards. This holistic approach fosters prosperity and strengthens communities worldwide.",
    "imageSrc": "./src/assets/img/pic_cryptocurrency.jpg"
  },
  "Imprint": {
    "title": "Imprint",
    "description": "<p>Wagner & Partners UG<br>Managing Directors: Gisbert H. Wagner, Hao Li<br>Address: Donaustrasse 27, 40699 Erkrath, Germany<br>Phone: +49 (0)2104 5080 558<br>Email: info@wagner-partners.com<br>Website: www.wagner-partners.com<br>Tax Number: 147/5882/0902<br>VAT ID: DE317682413<br>Commercial Register: HRB 28823 Wuppertal<br>Responsible for content according to § 55 Abs. 2 RStV: Gisbert H. Wagner, Hao Li</p><p>This website is operated in compliance with German law. All rights reserved.</p>",
    "imageSrc": "./src/assets/img/pic_wp.jpg"
  },
  "Impressum": {
    "title": "Impressum",
    "description": "<p>Wagner & Partners UG<br>Geschäftsführer: Gisbert H. Wagner, Hao Li<br>Adresse: Donaustrasse 27, 40699 Erkrath, Deutschland<br>Telefon: +49 (0)2104 5080 558<br>E-Mail: info@wagner-partners.com<br>Website: www.wagner-partners.com<br>Steuernummer: 147/5882/0902<br>USt-IdNr.: DE317682413<br>Handelsregister: HRB 28823 Wuppertal<br>Verantwortlich für den Inhalt nach § 55 Abs. 2 RStV: Gisbert H. Wagner, Hao Li</p><p>Diese Website wird in Übereinstimmung mit deutschem Recht betrieben. Alle Rechte vorbehalten.</p>",
    "imageSrc": "./src/assets/img/pic_wp.jpg"
  }
}